{"meta": {"format": 3, "version": "7.13.3", "timestamp": "2026-02-07T20:51:06.247567", "branch_coverage": false, "show_contexts": false}, "files": {"src/datasources/hot_backup.py": {"executed_lines": [97, 98, 99, 104, 105, 106, 134, 135, 136, 138, 139, 140, 141, 142, 143, 144, 145, 150, 155, 159, 163, 164, 165, 167, 168, 169, 170, 172, 174, 178, 179, 180, 181, 183, 184, 185, 186, 188, 190, 194, 197, 198, 199, 200, 203, 204, 205, 207, 208, 210, 211, 214, 215, 228, 229, 231, 232, 237, 239, 240, 241, 243, 244, 245, 246, 247, 248, 249, 253, 264, 268, 297, 330, 331, 332, 333, 334, 337, 340, 344, 345, 349, 374, 377, 379, 380, 384, 387, 457, 458, 460, 461, 462, 464, 465, 470, 471, 472, 473, 483, 498, 500, 501, 503, 504, 505, 506, 509, 510, 511, 512, 514, 523, 525, 528, 529, 530, 531, 534, 536, 544, 545, 546, 572, 573, 574, 575, 576, 578, 579, 580, 581, 582, 583, 585, 586, 600, 602, 603, 604, 608, 610, 614, 619], "summary": {"covered_lines": 144, "num_statements": 257, "percent_covered": 56.03112840466926, "percent_covered_display": "56", "missing_lines": 113, "excluded_lines": 0, "percent_statements_covered": 56.03112840466926, "percent_statements_covered_display": "56"}, "missing_lines": [45, 46, 47, 48, 49, 51, 52, 53, 54, 57, 59, 60, 61, 64, 66, 67, 68, 71, 72, 74, 75, 76, 77, 80, 81, 84, 85, 87, 88, 89, 90, 91, 92, 94, 95, 101, 102, 109, 120, 147, 148, 152, 153, 157, 161, 176, 192, 195, 226, 234, 251, 262, 266, 280, 282, 285, 286, 288, 289, 290, 291, 292, 294, 295, 300, 312, 342, 351, 385, 389, 397, 399, 400, 401, 403, 404, 408, 409, 417, 419, 426, 427, 428, 429, 432, 433, 435, 437, 438, 447, 449, 475, 476, 477, 479, 480, 481, 491, 516, 526, 532, 533, 538, 549, 554, 557, 562, 563, 565, 598, 606, 609, 612], "excluded_lines": [], "functions": {"CircuitStats.success_rate": {"executed_lines": [97, 98, 99], "summary": {"covered_lines": 3, "num_statements": 3, "percent_covered": 100.0, "percent_covered_display": "100", "missing_lines": 0, "excluded_lines": 0, "percent_statements_covered": 100.0, "percent_statements_covered_display": "100"}, "missing_lines": [], "excluded_lines": [], "start_line": 95}, "CircuitStats.failure_rate": {"executed_lines": [104, 105, 106], "summary": {"covered_lines": 3, "num_statements": 3, "percent_covered": 100.0, "percent_covered_display": "100", "missing_lines": 0, "excluded_lines": 0, "percent_statements_covered": 100.0, "percent_statements_covered_display": "100"}, "missing_lines": [], "excluded_lines": [], "start_line": 102}, "CircuitBreaker.__init__": {"executed_lines": [134, 135, 136, 138, 139, 140, 141, 142, 143, 144, 145], "summary": {"covered_lines": 11, "num_statements": 11, "percent_covered": 100.0, "percent_covered_display": "100", "missing_lines": 0, "excluded_lines": 0, "percent_statements_covered": 100.0, "percent_statements_covered_display": "100"}, "missing_lines": [], "excluded_lines": [], "start_line": 120}, "CircuitBreaker.name": {"executed_lines": [150], "summary": {"covered_lines": 1, "num_statements": 1, "percent_covered": 100.0, "percent_covered_display": "100", "missing_lines": 0, "excluded_lines": 0, "percent_statements_covered": 100.0, "percent_statements_covered_display": "100"}, "missing_lines": [], "excluded_lines": [], "start_line": 148}, "CircuitBreaker.state": {"executed_lines": [155], "summary": {"covered_lines": 1, "num_statements": 1, "percent_covered": 100.0, "percent_covered_display": "100", "missing_lines": 0, "excluded_lines": 0, "percent_statements_covered": 100.0, "percent_statements_covered_display": "100"}, "missing_lines": [], "excluded_lines": [], "start_line": 153}, "CircuitBreaker.can_execute": {"executed_lines": [159], "summary": {"covered_lines": 1, "num_statements": 1, "percent_covered": 100.0, "percent_covered_display": "100", "missing_lines": 0, "excluded_lines": 0, "percent_statements_covered": 100.0, "percent_statements_covered_display": "100"}, "missing_lines": [], "excluded_lines": [], "start_line": 157}, "CircuitBreaker.record_success": {"executed_lines": [163, 164, 165, 167, 168, 169, 170, 172, 174], "summary": {"covered_lines": 9, "num_statements": 9, "percent_covered": 100.0, "percent_covered_display": "100", "missing_lines": 0, "excluded_lines": 0, "percent_statements_covered": 100.0, "percent_statements_covered_display": "100"}, "missing_lines": [], "excluded_lines": [], "start_line": 161}, "CircuitBreaker.record_failure": {"executed_lines": [178, 179, 180, 181, 183, 184, 185, 186, 188, 190], "summary": {"covered_lines": 10, "num_statements": 10, "percent_covered": 100.0, "percent_covered_display": "100", "missing_lines": 0, "excluded_lines": 0, "percent_statements_covered": 100.0, "percent_statements_covered_display": "100"}, "missing_lines": [], "excluded_lines": [], "start_line": 176}, "CircuitBreaker._transition_to": {"executed_lines": [194, 197, 198, 199, 200, 203, 204, 205, 207, 208, 210, 211, 214, 215], "summary": {"covered_lines": 14, "num_statements": 15, "percent_covered": 93.33333333333333, "percent_covered_display": "93", "missing_lines": 1, "excluded_lines": 0, "percent_statements_covered": 93.33333333333333, "percent_statements_covered_display": "93"}, "missing_lines": [195], "excluded_lines": [], "start_line": 192}, "CircuitBreaker.check_state": {"executed_lines": [228, 229, 231, 232], "summary": {"covered_lines": 4, "num_statements": 4, "percent_covered": 100.0, "percent_covered_display": "100", "missing_lines": 0, "excluded_lines": 0, "percent_statements_covered": 100.0, "percent_statements_covered_display": "100"}, "missing_lines": [], "excluded_lines": [], "start_line": 226}, "CircuitBreaker.execute": {"executed_lines": [237, 239, 240, 241, 243, 244, 245, 246, 247, 248, 249], "summary": {"covered_lines": 11, "num_statements": 11, "percent_covered": 100.0, "percent_covered_display": "100", "missing_lines": 0, "excluded_lines": 0, "percent_statements_covered": 100.0, "percent_statements_covered_display": "100"}, "missing_lines": [], "excluded_lines": [], "start_line": 234}, "CircuitBreaker.get_state": {"executed_lines": [253], "summary": {"covered_lines": 1, "num_statements": 1, "percent_covered": 100.0, "percent_covered_display": "100", "missing_lines": 0, "excluded_lines": 0, "percent_statements_covered": 100.0, "percent_statements_covered_display": "100"}, "missing_lines": [], "excluded_lines": [], "start_line": 251}, "CircuitBreaker.get_stats": {"executed_lines": [264], "summary": {"covered_lines": 1, "num_statements": 1, "percent_covered": 100.0, "percent_covered_display": "100", "missing_lines": 0, "excluded_lines": 0, "percent_statements_covered": 100.0, "percent_statements_covered_display": "100"}, "missing_lines": [], "excluded_lines": [], "start_line": 262}, "CircuitBreaker.get_stats_dict": {"executed_lines": [268], "summary": {"covered_lines": 1, "num_statements": 1, "percent_covered": 100.0, "percent_covered_display": "100", "missing_lines": 0, "excluded_lines": 0, "percent_statements_covered": 100.0, "percent_statements_covered_display": "100"}, "missing_lines": [], "excluded_lines": [], "start_line": 266}, "HotBackupResult.success": {"executed_lines": [297], "summary": {"covered_lines": 1, "num_statements": 1, "percent_covered": 100.0, "percent_covered_display": "100", "missing_lines": 0, "excluded_lines": 0, "percent_statements_covered": 100.0, "percent_statements_covered_display": "100"}, "missing_lines": [], "excluded_lines": [], "start_line": 295}, "HotBackupManager.__init__": {"executed_lines": [330, 331, 332, 333, 334, 337, 340], "summary": {"covered_lines": 7, "num_statements": 7, "percent_covered": 100.0, "percent_covered_display": "100", "missing_lines": 0, "excluded_lines": 0, "percent_statements_covered": 100.0, "percent_statements_covered_display": "100"}, "missing_lines": [], "excluded_lines": [], "start_line": 312}, "HotBackupManager.get_circuit_breaker": {"executed_lines": [344, 345, 349], "summary": {"covered_lines": 3, "num_statements": 3, "percent_covered": 100.0, "percent_covered_display": "100", "missing_lines": 0,